-- STAR_TABLE
INSERT INTO PRIDEPROT.STAR (STAR_PK, STAR_COUNT,STAR_TYPE)
VALUES (1, 0.0, N'NONE');

INSERT INTO PRIDEPROT.STAR (STAR_PK, STAR_COUNT,STAR_TYPE)
  VALUES (2, 1.0, N'BRONZE');

INSERT INTO PRIDEPROT.STAR (STAR_PK, STAR_COUNT,STAR_TYPE)
  VALUES (3, 1.0, N'SILVER');

INSERT INTO PRIDEPROT.STAR (STAR_PK, STAR_COUNT,STAR_TYPE)
  VALUES (4, 1.0, N'GOLD');

INSERT INTO PRIDEPROT.STAR (STAR_PK, STAR_COUNT,STAR_TYPE)
  VALUES (5, 2.0, N'BRONZE');

INSERT INTO PRIDEPROT.STAR (STAR_PK, STAR_COUNT,STAR_TYPE)
  VALUES (6, 2.0, N'SILVER');

INSERT INTO PRIDEPROT.STAR (STAR_PK, STAR_COUNT,STAR_TYPE)
  VALUES (7, 2.0, N'GOLD');

INSERT INTO PRIDEPROT.STAR (STAR_PK, STAR_COUNT,STAR_TYPE)
  VALUES (8, 3.0, N'BRONZE');

INSERT INTO PRIDEPROT.STAR (STAR_PK, STAR_COUNT,STAR_TYPE)
  VALUES (9, 3.0, N'SILVER');

INSERT INTO PRIDEPROT.STAR (STAR_PK, STAR_COUNT,STAR_TYPE)
  VALUES (10, 3.0, N'GOLD');


-- Q_METHOD_TABLE
INSERT INTO PRIDEPROT.Q_METHOD (QUALITY_METHOD_PK, NAME, DESCRIPTION)
  VALUES (1, N'default', N'Default value to initialize the database');


-- SCORE_TABLE
-- None
INSERT INTO PRIDEPROT.SCORE (SCORE_PK, QUALITY_METHOD_FK, STAR_FK, VALUE)
  VALUES (1, 1.0, 1.0, 0.0);

-- None
INSERT INTO PRIDEPROT.SCORE (SCORE_PK, QUALITY_METHOD_FK, STAR_FK, VALUE)
  VALUES (2, 1.0, 5.0, 3.0);

-- None
INSERT INTO PRIDEPROT.SCORE (SCORE_PK, QUALITY_METHOD_FK, STAR_FK, VALUE)
  VALUES (3, 1.0, 1.0, 5.0);

-- Silver
INSERT INTO PRIDEPROT.SCORE (SCORE_PK, QUALITY_METHOD_FK, STAR_FK, VALUE)
  VALUES (4, 1.0, 9.0, 3.0);

-- Gold
INSERT INTO PRIDEPROT.SCORE (SCORE_PK, QUALITY_METHOD_FK, STAR_FK, VALUE)
  VALUES (5, 1.0, 10.0, 3.0);

-- Silver
INSERT INTO PRIDEPROT.SCORE (SCORE_PK, QUALITY_METHOD_FK, STAR_FK, VALUE)
  VALUES (6, 1.0, 3.0, 1.0);

-- Gold
INSERT INTO PRIDEPROT.SCORE (SCORE_PK, QUALITY_METHOD_FK, STAR_FK, VALUE)
  VALUES (7, 1.0, 7.0, 2.5);

-- Gold
INSERT INTO PRIDEPROT.SCORE (SCORE_PK, QUALITY_METHOD_FK, STAR_FK, VALUE)
  VALUES (8, 1.0, 7.0, 1.0);


-- PEPTIDE_TABLE (30 SYMBOLIC ONES)
INSERT INTO PRIDEPROT.PEPTIDE (PEPTIDE_PK, SEQUENCE, DESCRIPTION, SCORE_FK, SYMBOLIC, TAXID)
  VALUES (1.0, N'PPCEDEIDEFLK', N'', 1.0, N'TRUE', 9606.0);

INSERT INTO PRIDEPROT.PEPTIDE (PEPTIDE_PK, SEQUENCE, DESCRIPTION, SCORE_FK, SYMBOLIC, TAXID)
  VALUES (2.0, N'PDELKVTVKLK', N'', 1.0, N'TRUE', 9606.0);

INSERT INTO PRIDEPROT.PEPTIDE (PEPTIDE_PK, SEQUENCE, DESCRIPTION, SCORE_FK, SYMBOLIC, TAXID)
  VALUES (3.0, N'LEETFPAYLQEAFFGK', N'', 1.0, N'TRUE', 9606.0);

INSERT INTO PRIDEPROT.PEPTIDE (PEPTIDE_PK, SEQUENCE, DESCRIPTION, SCORE_FK, SYMBOLIC, TAXID)
  VALUES (4.0, N'HCGATSAGLR', N'', 1.0, N'TRUE', 9606.0);

INSERT INTO PRIDEPROT.PEPTIDE (PEPTIDE_PK, SEQUENCE, DESCRIPTION, SCORE_FK, SYMBOLIC, TAXID)
  VALUES (5.0, N'SSSLLNQKPEGSICSEDDCTK', N'', 1.0, N'TRUE', 9606.0);

INSERT INTO PRIDEPROT.PEPTIDE (PEPTIDE_PK, SEQUENCE, DESCRIPTION, SCORE_FK, SYMBOLIC, TAXID)
  VALUES (6.0, N'LEKAETESCPGQEEPK', N'', 1.0, N'TRUE', 9606.0);

INSERT INTO PRIDEPROT.PEPTIDE (PEPTIDE_PK, SEQUENCE, DESCRIPTION, SCORE_FK, SYMBOLIC, TAXID)
  VALUES (7.0, N'DIDDNSNGTYEK', N'', 1.0, N'TRUE', 9606.0);

INSERT INTO PRIDEPROT.PEPTIDE (PEPTIDE_PK, SEQUENCE, DESCRIPTION, SCORE_FK, SYMBOLIC, TAXID)
  VALUES (8.0, N'SLGLSRSPVVSEQTAK', N'', 1.0, N'TRUE', 9606.0);

INSERT INTO PRIDEPROT.PEPTIDE (PEPTIDE_PK, SEQUENCE, DESCRIPTION, SCORE_FK, SYMBOLIC, TAXID)
  VALUES (9.0, N'WCVWCRHCGATSAGLR', N'', 1.0, N'TRUE', 9606.0);

INSERT INTO PRIDEPROT.PEPTIDE (PEPTIDE_PK, SEQUENCE, DESCRIPTION, SCORE_FK, SYMBOLIC, TAXID)
  VALUES (10.0, N'PTTVDPYSQQPQTPRPSTQTDLFVTPVTNQR', N'', 1.0, N'TRUE', 9606.0);

INSERT INTO PRIDEPROT.PEPTIDE (PEPTIDE_PK, SEQUENCE, DESCRIPTION, SCORE_FK, SYMBOLIC, TAXID)
  VALUES (11.0, N'VLDNAMNSNVTVVSR', N'', 1.0, N'TRUE', 9606.0);

INSERT INTO PRIDEPROT.PEPTIDE (PEPTIDE_PK, SEQUENCE, DESCRIPTION, SCORE_FK, SYMBOLIC, TAXID)
  VALUES (12.0, N'LPNSDFSQATPNQQTYANSEVDK', N'', 1.0, N'TRUE', 9606.0);

INSERT INTO PRIDEPROT.PEPTIDE (PEPTIDE_PK, SEQUENCE, DESCRIPTION, SCORE_FK, SYMBOLIC, TAXID)
  VALUES (13.0, N'SIKLSSETESSFSSSADISK', N'', 1.0, N'TRUE', 9606.0);

INSERT INTO PRIDEPROT.PEPTIDE (PEPTIDE_PK, SEQUENCE, DESCRIPTION, SCORE_FK, SYMBOLIC, TAXID)
  VALUES (14.0, N'ITPGFILPWRNQPSNKK', N'', 1.0, N'TRUE', 9606.0);

INSERT INTO PRIDEPROT.PEPTIDE (PEPTIDE_PK, SEQUENCE, DESCRIPTION, SCORE_FK, SYMBOLIC, TAXID)
  VALUES (15.0, N'QNPAEGLQTLGAQMQGGFGCGNQLPK', N'', 1.0, N'TRUE', 9606.0);

INSERT INTO PRIDEPROT.PEPTIDE (PEPTIDE_PK, SEQUENCE, DESCRIPTION, SCORE_FK, SYMBOLIC, TAXID)
  VALUES (16.0, N'PLSEEQLDGILSPELDKMVTDGAILGK', N'', 1.0, N'TRUE', 9606.0);

INSERT INTO PRIDEPROT.PEPTIDE (PEPTIDE_PK, SEQUENCE, DESCRIPTION, SCORE_FK, SYMBOLIC, TAXID)
  VALUES (17.0, N'APYVQKAR', N'', 1.0, N'TRUE', 9606.0);

INSERT INTO PRIDEPROT.PEPTIDE (PEPTIDE_PK, SEQUENCE, DESCRIPTION, SCORE_FK, SYMBOLIC, TAXID)
  VALUES (18.0, N'MANGFATTEELAGK', N'', 1.0, N'TRUE', 9606.0);

INSERT INTO PRIDEPROT.PEPTIDE (PEPTIDE_PK, SEQUENCE, DESCRIPTION, SCORE_FK, SYMBOLIC, TAXID)
  VALUES (19.0, N'INPGLEYRQHLLLRGPPPGSANPPR', N'', 1.0, N'TRUE', 9606.0);

INSERT INTO PRIDEPROT.PEPTIDE (PEPTIDE_PK, SEQUENCE, DESCRIPTION, SCORE_FK, SYMBOLIC, TAXID)
  VALUES (20.0, N'PVLMPNQDPFLQAAQNRGPALPGPLVR', N'', 1.0, N'TRUE', 9606.0);

INSERT INTO PRIDEPROT.PEPTIDE (PEPTIDE_PK, SEQUENCE, DESCRIPTION, SCORE_FK, SYMBOLIC, TAXID)
  VALUES (21.0, N'LSVDPYERPALTPR', N'', 1.0, N'TRUE', 9606.0);

INSERT INTO PRIDEPROT.PEPTIDE (PEPTIDE_PK, SEQUENCE, DESCRIPTION, SCORE_FK, SYMBOLIC, TAXID)
  VALUES (22.0, N'LKSGIGAVVLPGVSTADISSNK', N'', 1.0, N'TRUE', 9606.0);

INSERT INTO PRIDEPROT.PEPTIDE (PEPTIDE_PK, SEQUENCE, DESCRIPTION, SCORE_FK, SYMBOLIC, TAXID)
  VALUES (23.0, N'EIFKPRQLPGSAIWSIK', N'', 1.0, N'TRUE', 9606.0);

INSERT INTO PRIDEPROT.PEPTIDE (PEPTIDE_PK, SEQUENCE, DESCRIPTION, SCORE_FK, SYMBOLIC, TAXID)
  VALUES (24.0, N'AGREFPEEDAEQLK', N'', 1.0, N'TRUE', 9606.0);

INSERT INTO PRIDEPROT.PEPTIDE (PEPTIDE_PK, SEQUENCE, DESCRIPTION, SCORE_FK, SYMBOLIC, TAXID)
  VALUES (25.0, N'ILEPVACVR', N'', 1.0, N'TRUE', 9606.0);

INSERT INTO PRIDEPROT.PEPTIDE (PEPTIDE_PK, SEQUENCE, DESCRIPTION, SCORE_FK, SYMBOLIC, TAXID)
  VALUES (26.0, N'MSAHVKR', N'', 1.0, N'TRUE', 9606.0);

INSERT INTO PRIDEPROT.PEPTIDE (PEPTIDE_PK, SEQUENCE, DESCRIPTION, SCORE_FK, SYMBOLIC, TAXID)
  VALUES (27.0, N'DMLHCNMCK', N'', 1.0, N'TRUE', 9606.0);

INSERT INTO PRIDEPROT.PEPTIDE (PEPTIDE_PK, SEQUENCE, DESCRIPTION, SCORE_FK, SYMBOLIC, TAXID)
  VALUES (28.0, N'LDSDDPSVK', N'', 1.0, N'TRUE', 9606.0);

INSERT INTO PRIDEPROT.PEPTIDE (PEPTIDE_PK, SEQUENCE, DESCRIPTION, SCORE_FK, SYMBOLIC, TAXID)
  VALUES (29.0, N'PRISEGFTRSSMTR', N'', 1.0, N'TRUE', 9606.0);

INSERT INTO PRIDEPROT.PEPTIDE (PEPTIDE_PK, SEQUENCE, DESCRIPTION, SCORE_FK, SYMBOLIC, TAXID)
  VALUES (30.0, N'MKTEWKSNVYLAR', N'', 1.0, N'TRUE', 9606.0);


-- PRIDEPROT.PEPTIDE TABLE (VARIANTS FOR THE 30 CANONICAL)
INSERT INTO PRIDEPROT.PEPTIDE (PEPTIDE_PK, SEQUENCE, DESCRIPTION, SYMBOLIC, SCORE_FK, TAXID)
  VALUES (4.5482309E7, N'PPCEDEIDEFLK', N'', N'FALSE', 1.0, 9606.0);

INSERT INTO PRIDEPROT.PEPTIDE (PEPTIDE_PK, SEQUENCE, DESCRIPTION, SYMBOLIC, SCORE_FK, TAXID)
  VALUES (4.548231E7, N'PDELKVTVKLK', N'', N'FALSE', 1.0, 9606.0);

INSERT INTO PRIDEPROT.PEPTIDE (PEPTIDE_PK, SEQUENCE, DESCRIPTION, SYMBOLIC, SCORE_FK, TAXID)
  VALUES (4.5492524E7, N'LEETFPAYLQEAFFGK', N'', N'FALSE', 1.0, 9606.0);

INSERT INTO PRIDEPROT.PEPTIDE (PEPTIDE_PK, SEQUENCE, DESCRIPTION, SYMBOLIC, SCORE_FK, TAXID)
  VALUES (4.5499384E7, N'HCGATSAGLR', N'', N'FALSE', 1.0, 9606.0);

INSERT INTO PRIDEPROT.PEPTIDE (PEPTIDE_PK, SEQUENCE, DESCRIPTION, SYMBOLIC, SCORE_FK, TAXID)
  VALUES (4.5513223E7, N'SSSLLNQKPEGSICSEDDCTK', N'', N'FALSE', 1.0, 9606.0);

INSERT INTO PRIDEPROT.PEPTIDE (PEPTIDE_PK, SEQUENCE, DESCRIPTION, SYMBOLIC, SCORE_FK, TAXID)
  VALUES (4.5520449E7, N'LEKAETESCPGQEEPK', N'', N'FALSE', 1.0, 9606.0);

INSERT INTO PRIDEPROT.PEPTIDE (PEPTIDE_PK, SEQUENCE, DESCRIPTION, SYMBOLIC, SCORE_FK, TAXID)
  VALUES (4.554465E7, N'DIDDNSNGTYEK', N'', N'FALSE', 1.0, 9606.0);

INSERT INTO PRIDEPROT.PEPTIDE (PEPTIDE_PK, SEQUENCE, DESCRIPTION, SYMBOLIC, SCORE_FK, TAXID)
  VALUES (4.5544651E7, N'SLGLSRSPVVSEQTAK', N'', N'FALSE', 1.0, 9606.0);

INSERT INTO PRIDEPROT.PEPTIDE (PEPTIDE_PK, SEQUENCE, DESCRIPTION, SYMBOLIC, SCORE_FK, TAXID)
  VALUES (4.5552497E7, N'WCVWCRHCGATSAGLR', N'', N'FALSE', 1.0, 9606.0);

INSERT INTO PRIDEPROT.PEPTIDE (PEPTIDE_PK, SEQUENCE, DESCRIPTION, SYMBOLIC, SCORE_FK, TAXID)
  VALUES (4.5560378E7, N'PTTVDPYSQQPQTPRPSTQTDLFVTPVTNQR', N'', N'FALSE', 1.0, 9606.0);

INSERT INTO PRIDEPROT.PEPTIDE (PEPTIDE_PK, SEQUENCE, DESCRIPTION, SYMBOLIC, SCORE_FK, TAXID)
  VALUES (4.5560379E7, N'VLDNAMNSNVTVVSR', N'', N'FALSE', 1.0, 9606.0);

INSERT INTO PRIDEPROT.PEPTIDE (PEPTIDE_PK, SEQUENCE, DESCRIPTION, SYMBOLIC, SCORE_FK, TAXID)
  VALUES (4.556038E7, N'LPNSDFSQATPNQQTYANSEVDK', N'', N'FALSE', 1.0, 9606.0);

INSERT INTO PRIDEPROT.PEPTIDE (PEPTIDE_PK, SEQUENCE, DESCRIPTION, SYMBOLIC, SCORE_FK, TAXID)
  VALUES (4.5568184E7, N'SIKLSSETESSFSSSADISK', N'', N'FALSE', 1.0, 9606.0);

INSERT INTO PRIDEPROT.PEPTIDE (PEPTIDE_PK, SEQUENCE, DESCRIPTION, SYMBOLIC, SCORE_FK, TAXID)
  VALUES (4.5575358E7, N'PDELKVTVKLK', N'', N'FALSE', 1.0, 9606.0);

INSERT INTO PRIDEPROT.PEPTIDE (PEPTIDE_PK, SEQUENCE, DESCRIPTION, SYMBOLIC, SCORE_FK, TAXID)
  VALUES (4.5575359E7, N'ITPGFILPWRNQPSNKK', N'', N'FALSE', 1.0, 9606.0);

INSERT INTO PRIDEPROT.PEPTIDE (PEPTIDE_PK, SEQUENCE, DESCRIPTION, SYMBOLIC, SCORE_FK, TAXID)
  VALUES (4.557536E7, N'PDELKVTVKLK', N'', N'FALSE', 1.0, 9606.0);

INSERT INTO PRIDEPROT.PEPTIDE (PEPTIDE_PK, SEQUENCE, DESCRIPTION, SYMBOLIC, SCORE_FK, TAXID)
  VALUES (4.5575361E7, N'ITPGFILPWRNQPSNKK', N'', N'FALSE', 1.0, 9606.0);

INSERT INTO PRIDEPROT.PEPTIDE (PEPTIDE_PK, SEQUENCE, DESCRIPTION, SYMBOLIC, SCORE_FK, TAXID)
  VALUES (4.5582696E7, N'QNPAEGLQTLGAQMQGGFGCGNQLPK', N'', N'FALSE', 1.0, 9606.0);

INSERT INTO PRIDEPROT.PEPTIDE (PEPTIDE_PK, SEQUENCE, DESCRIPTION, SYMBOLIC, SCORE_FK, TAXID)
  VALUES (4.5590402E7, N'PLSEEQLDGILSPELDKMVTDGAILGK', N'', N'FALSE', 1.0, 9606.0);

INSERT INTO PRIDEPROT.PEPTIDE (PEPTIDE_PK, SEQUENCE, DESCRIPTION, SYMBOLIC, SCORE_FK, TAXID)
  VALUES (4.5597533E7, N'APYVQKAR', N'', N'FALSE', 1.0, 9606.0);

INSERT INTO PRIDEPROT.PEPTIDE (PEPTIDE_PK, SEQUENCE, DESCRIPTION, SYMBOLIC, SCORE_FK, TAXID)
  VALUES (4.5619484E7, N'MANGFATTEELAGK', N'', N'FALSE', 1.0, 9606.0);

INSERT INTO PRIDEPROT.PEPTIDE (PEPTIDE_PK, SEQUENCE, DESCRIPTION, SYMBOLIC, SCORE_FK, TAXID)
  VALUES (4.5642731E7, N'PPCEDEIDEFLK', N'', N'FALSE', 1.0, 9606.0);

INSERT INTO PRIDEPROT.PEPTIDE (PEPTIDE_PK, SEQUENCE, DESCRIPTION, SYMBOLIC, SCORE_FK, TAXID)
  VALUES (4.5642732E7, N'INPGLEYRQHLLLRGPPPGSANPPR', N'', N'FALSE', 1.0, 9606.0);

INSERT INTO PRIDEPROT.PEPTIDE (PEPTIDE_PK, SEQUENCE, DESCRIPTION, SYMBOLIC, SCORE_FK, TAXID)
  VALUES (4.5642733E7, N'INPGLEYRQHLLLRGPPPGSANPPR', N'', N'FALSE', 1.0, 9606.0);

INSERT INTO PRIDEPROT.PEPTIDE (PEPTIDE_PK, SEQUENCE, DESCRIPTION, SYMBOLIC, SCORE_FK, TAXID)
  VALUES (4.5650591E7, N'INPGLEYRQHLLLRGPPPGSANPPR', N'', N'FALSE', 1.0, 9606.0);

INSERT INTO PRIDEPROT.PEPTIDE (PEPTIDE_PK, SEQUENCE, DESCRIPTION, SYMBOLIC, SCORE_FK, TAXID)
  VALUES (4.5650592E7, N'PVLMPNQDPFLQAAQNRGPALPGPLVR', N'', N'FALSE', 1.0, 9606.0);

INSERT INTO PRIDEPROT.PEPTIDE (PEPTIDE_PK, SEQUENCE, DESCRIPTION, SYMBOLIC, SCORE_FK, TAXID)
  VALUES (4.565828E7, N'VLDNAMNSNVTVVSR', N'', N'FALSE', 1.0, 9606.0);

INSERT INTO PRIDEPROT.PEPTIDE (PEPTIDE_PK, SEQUENCE, DESCRIPTION, SYMBOLIC, SCORE_FK, TAXID)
  VALUES (4.7681338E7, N'LSVDPYERPALTPR', N'', N'FALSE', 1.0, 9606.0);

INSERT INTO PRIDEPROT.PEPTIDE (PEPTIDE_PK, SEQUENCE, DESCRIPTION, SYMBOLIC, SCORE_FK, TAXID)
  VALUES (4.7687212E7, N'LKSGIGAVVLPGVSTADISSNK', N'', N'FALSE', 1.0, 9606.0);

INSERT INTO PRIDEPROT.PEPTIDE (PEPTIDE_PK, SEQUENCE, DESCRIPTION, SYMBOLIC, SCORE_FK, TAXID)
  VALUES (4.7687213E7, N'EIFKPRQLPGSAIWSIK', N'', N'FALSE', 1.0, 9606.0);

INSERT INTO PRIDEPROT.PEPTIDE (PEPTIDE_PK, SEQUENCE, DESCRIPTION, SYMBOLIC, SCORE_FK, TAXID)
  VALUES (4.7689691E7, N'AGREFPEEDAEQLK', N'', N'FALSE', 1.0, 9606.0);

INSERT INTO PRIDEPROT.PEPTIDE (PEPTIDE_PK, SEQUENCE, DESCRIPTION, SYMBOLIC, SCORE_FK, TAXID)
  VALUES (4.7699748E7, N'ILEPVACVR', N'', N'FALSE', 1.0, 9606.0);

INSERT INTO PRIDEPROT.PEPTIDE (PEPTIDE_PK, SEQUENCE, DESCRIPTION, SYMBOLIC, SCORE_FK, TAXID)
  VALUES (4.772985E7, N'MSAHVKR', N'', N'FALSE', 1.0, 9606.0);

INSERT INTO PRIDEPROT.PEPTIDE (PEPTIDE_PK, SEQUENCE, DESCRIPTION, SYMBOLIC, SCORE_FK, TAXID)
  VALUES (5.6753822E7, N'DMLHCNMCK', N'', N'FALSE', 1.0, 9606.0);

INSERT INTO PRIDEPROT.PEPTIDE (PEPTIDE_PK, SEQUENCE, DESCRIPTION, SYMBOLIC, SCORE_FK, TAXID)
  VALUES (5.7942747E7, N'LDSDDPSVK', N'', N'FALSE', 1.0, 9606.0);

INSERT INTO PRIDEPROT.PEPTIDE (PEPTIDE_PK, SEQUENCE, DESCRIPTION, SYMBOLIC, SCORE_FK, TAXID)
  VALUES (5.7948563E7, N'PRISEGFTRSSMTR', N'', N'FALSE', 1.0, 9606.0);

INSERT INTO PRIDEPROT.PEPTIDE (PEPTIDE_PK, SEQUENCE, DESCRIPTION, SYMBOLIC, SCORE_FK, TAXID)
  VALUES (5.795425E7, N'MKTEWKSNVYLAR', N'', N'FALSE', 1.0, 9606.0);

INSERT INTO PRIDEPROT.PEPTIDE (PEPTIDE_PK, SEQUENCE, DESCRIPTION, SYMBOLIC, SCORE_FK, TAXID)
  VALUES (5.7991624E7, N'LEKAETESCPGQEEPK', N'', N'FALSE', 1.0, 9606.0);

INSERT INTO PRIDEPROT.PEPTIDE (PEPTIDE_PK, SEQUENCE, DESCRIPTION, SYMBOLIC, SCORE_FK, TAXID)
  VALUES (5.7991625E7, N'ILEPVACVR', N'', N'FALSE', 1.0, 9606.0);

INSERT INTO PRIDEPROT.PEPTIDE (PEPTIDE_PK, SEQUENCE, DESCRIPTION, SYMBOLIC, SCORE_FK, TAXID)
  VALUES (5.8110502E7, N'LDSDDPSVK', N'', N'FALSE', 1.0, 9606.0);

INSERT INTO PRIDEPROT.PEPTIDE (PEPTIDE_PK, SEQUENCE, DESCRIPTION, SYMBOLIC, SCORE_FK, TAXID)
  VALUES (5.8121447E7, N'PDELKVTVKLK', N'', N'FALSE', 1.0, 9606.0);

INSERT INTO PRIDEPROT.PEPTIDE (PEPTIDE_PK, SEQUENCE, DESCRIPTION, SYMBOLIC, SCORE_FK, TAXID)
  VALUES (5.8189691E7, N'AGREFPEEDAEQLK', N'', N'FALSE', 1.0, 9606.0);

INSERT INTO PRIDEPROT.PEPTIDE (PEPTIDE_PK, SEQUENCE, DESCRIPTION, SYMBOLIC, SCORE_FK, TAXID)
  VALUES (5.8195748E7, N'ILEPVACVR', N'', N'FALSE', 1.0, 9606.0);

INSERT INTO PRIDEPROT.PEPTIDE (PEPTIDE_PK, SEQUENCE, DESCRIPTION, SYMBOLIC, SCORE_FK, TAXID)
  VALUES (5.821085E7, N'MSAHVKR', N'', N'FALSE', 1.0, 9606.0);

INSERT INTO PRIDEPROT.PEPTIDE (PEPTIDE_PK, SEQUENCE, DESCRIPTION, SYMBOLIC, SCORE_FK, TAXID)
  VALUES (5.8219338E7, N'LSVDPYERPALTPR', N'', N'FALSE', 1.0, 9606.0);

INSERT INTO PRIDEPROT.PEPTIDE (PEPTIDE_PK, SEQUENCE, DESCRIPTION, SYMBOLIC, SCORE_FK, TAXID)
  VALUES (5.8221212E7, N'LKSGIGAVVLPGVSTADISSNK', N'', N'FALSE', 1.0, 9606.0);

INSERT INTO PRIDEPROT.PEPTIDE (PEPTIDE_PK, SEQUENCE, DESCRIPTION, SYMBOLIC, SCORE_FK, TAXID)
  VALUES (5.8221213E7, N'EIFKPRQLPGSAIWSIK', N'', N'FALSE', 1.0, 9606.0);

INSERT INTO PRIDEPROT.PEPTIDE (PEPTIDE_PK, SEQUENCE, DESCRIPTION, SYMBOLIC, SCORE_FK, TAXID)
  VALUES (6.2565953E7, N'LKSGIGAVVLPGVSTADISSNK', N'', N'FALSE', 1.0, 9606.0);

INSERT INTO PRIDEPROT.PEPTIDE (PEPTIDE_PK, SEQUENCE, DESCRIPTION, SYMBOLIC, SCORE_FK, TAXID)
  VALUES (6.2574179E7, N'LKSGIGAVVLPGVSTADISSNK', N'', N'FALSE', 1.0, 9606.0);

INSERT INTO PRIDEPROT.PEPTIDE (PEPTIDE_PK, SEQUENCE, DESCRIPTION, SYMBOLIC, SCORE_FK, TAXID)
  VALUES (6.2594179E7, N'LKSGIGAVVLPGVSTADISSNK', N'', N'FALSE', 1.0, 9606.0);

INSERT INTO PRIDEPROT.PEPTIDE (PEPTIDE_PK, SEQUENCE, DESCRIPTION, SYMBOLIC, SCORE_FK, TAXID)
  VALUES (6.2601995E7, N'LKSGIGAVVLPGVSTADISSNK', N'', N'FALSE', 1.0, 9606.0);

INSERT INTO PRIDEPROT.PEPTIDE (PEPTIDE_PK, SEQUENCE, DESCRIPTION, SYMBOLIC, SCORE_FK, TAXID)
  VALUES (9.3861219E7, N'LDSDDPSVK', N'', N'FALSE', 1.0, 9606.0);

INSERT INTO PRIDEPROT.PEPTIDE (PEPTIDE_PK, SEQUENCE, DESCRIPTION, SYMBOLIC, SCORE_FK, TAXID)
  VALUES (1.09663404E8, N'MKTEWKSNVYLAR', N'', N'FALSE', 1.0, 9606.0);

INSERT INTO PRIDEPROT.PEPTIDE (PEPTIDE_PK, SEQUENCE, DESCRIPTION, SYMBOLIC, SCORE_FK, TAXID)
  VALUES (1.09663416E8, N'LDSDDPSVK', N'', N'FALSE', 1.0, 9606.0);

INSERT INTO PRIDEPROT.PEPTIDE (PEPTIDE_PK, SEQUENCE, DESCRIPTION, SYMBOLIC, SCORE_FK, TAXID)
  VALUES (1.09663425E8, N'LEETFPAYLQEAFFGK', N'', N'FALSE', 1.0, 9606.0);

INSERT INTO PRIDEPROT.PEPTIDE (PEPTIDE_PK, SEQUENCE, DESCRIPTION, SYMBOLIC, SCORE_FK, TAXID)
  VALUES (1.09663442E8, N'LEETFPAYLQEAFFGK', N'', N'FALSE', 1.0, 9606.0);

INSERT INTO PRIDEPROT.PEPTIDE (PEPTIDE_PK, SEQUENCE, DESCRIPTION, SYMBOLIC, SCORE_FK, TAXID)
  VALUES (1.09663447E8, N'MKTEWKSNVYLAR', N'', N'FALSE', 1.0, 9606.0);

INSERT INTO PRIDEPROT.PEPTIDE (PEPTIDE_PK, SEQUENCE, DESCRIPTION, SYMBOLIC, SCORE_FK, TAXID)
  VALUES (1.09663448E8, N'MKTEWKSNVYLAR', N'', N'FALSE', 1.0, 9606.0);

INSERT INTO PRIDEPROT.PEPTIDE (PEPTIDE_PK, SEQUENCE, DESCRIPTION, SYMBOLIC, SCORE_FK, TAXID)
  VALUES (1.09663449E8, N'MKTEWKSNVYLAR', N'', N'FALSE', 1.0, 9606.0);

INSERT INTO PRIDEPROT.PEPTIDE (PEPTIDE_PK, SEQUENCE, DESCRIPTION, SYMBOLIC, SCORE_FK, TAXID)
  VALUES (1.0966345E8, N'MKTEWKSNVYLAR', N'', N'FALSE', 1.0, 9606.0);

INSERT INTO PRIDEPROT.PEPTIDE (PEPTIDE_PK, SEQUENCE, DESCRIPTION, SYMBOLIC, SCORE_FK, TAXID)
  VALUES (1.09663465E8, N'LDSDDPSVK', N'', N'FALSE', 1.0, 9606.0);

INSERT INTO PRIDEPROT.PEPTIDE (PEPTIDE_PK, SEQUENCE, DESCRIPTION, SYMBOLIC, SCORE_FK, TAXID)
  VALUES (1.09663496E8, N'MKTEWKSNVYLAR', N'', N'FALSE', 1.0, 9606.0);

INSERT INTO PRIDEPROT.PEPTIDE (PEPTIDE_PK, SEQUENCE, DESCRIPTION, SYMBOLIC, SCORE_FK, TAXID)
  VALUES (1.09663504E8, N'MKTEWKSNVYLAR', N'', N'FALSE', 1.0, 9606.0);

INSERT INTO PRIDEPROT.PEPTIDE (PEPTIDE_PK, SEQUENCE, DESCRIPTION, SYMBOLIC, SCORE_FK, TAXID)
  VALUES (1.10281993E8, N'ILEPVACVR', N'', N'FALSE', 1.0, 9606.0);

INSERT INTO PRIDEPROT.PEPTIDE (PEPTIDE_PK, SEQUENCE, DESCRIPTION, SYMBOLIC, SCORE_FK, TAXID)
  VALUES (1.10281994E8, N'ILEPVACVR', N'', N'FALSE', 1.0, 9606.0);

INSERT INTO PRIDEPROT.PEPTIDE (PEPTIDE_PK, SEQUENCE, DESCRIPTION, SYMBOLIC, SCORE_FK, TAXID)
  VALUES (1.10281995E8, N'ILEPVACVR', N'', N'FALSE', 1.0, 9606.0);

INSERT INTO PRIDEPROT.PEPTIDE (PEPTIDE_PK, SEQUENCE, DESCRIPTION, SYMBOLIC, SCORE_FK, TAXID)
  VALUES (1.10282032E8, N'MANGFATTEELAGK', N'', N'FALSE', 1.0, 9606.0);

INSERT INTO PRIDEPROT.PEPTIDE (PEPTIDE_PK, SEQUENCE, DESCRIPTION, SYMBOLIC, SCORE_FK, TAXID)
  VALUES (1.10282061E8, N'MKTEWKSNVYLAR', N'', N'FALSE', 1.0, 9606.0);

INSERT INTO PRIDEPROT.PEPTIDE (PEPTIDE_PK, SEQUENCE, DESCRIPTION, SYMBOLIC, SCORE_FK, TAXID)
  VALUES (1.10282088E8, N'ILEPVACVR', N'', N'FALSE', 1.0, 9606.0);

INSERT INTO PRIDEPROT.PEPTIDE (PEPTIDE_PK, SEQUENCE, DESCRIPTION, SYMBOLIC, SCORE_FK, TAXID)
  VALUES (1.10282089E8, N'ILEPVACVR', N'', N'FALSE', 1.0, 9606.0);

INSERT INTO PRIDEPROT.PEPTIDE (PEPTIDE_PK, SEQUENCE, DESCRIPTION, SYMBOLIC, SCORE_FK, TAXID)
  VALUES (1.1028209E8, N'ILEPVACVR', N'', N'FALSE', 1.0, 9606.0);

INSERT INTO PRIDEPROT.PEPTIDE (PEPTIDE_PK, SEQUENCE, DESCRIPTION, SYMBOLIC, SCORE_FK, TAXID)
  VALUES (1.1028215E8, N'MKTEWKSNVYLAR', N'', N'FALSE', 1.0, 9606.0);

INSERT INTO PRIDEPROT.PEPTIDE (PEPTIDE_PK, SEQUENCE, DESCRIPTION, SYMBOLIC, SCORE_FK, TAXID)
  VALUES (1.10282151E8, N'MKTEWKSNVYLAR', N'', N'FALSE', 1.0, 9606.0);

INSERT INTO PRIDEPROT.PEPTIDE (PEPTIDE_PK, SEQUENCE, DESCRIPTION, SYMBOLIC, SCORE_FK, TAXID)
  VALUES (1.10282172E8, N'LDSDDPSVK', N'', N'FALSE', 1.0, 9606.0);

INSERT INTO PRIDEPROT.PEPTIDE (PEPTIDE_PK, SEQUENCE, DESCRIPTION, SYMBOLIC, SCORE_FK, TAXID)
  VALUES (1.10282174E8, N'ILEPVACVR', N'', N'FALSE', 1.0, 9606.0);

INSERT INTO PRIDEPROT.PEPTIDE (PEPTIDE_PK, SEQUENCE, DESCRIPTION, SYMBOLIC, SCORE_FK, TAXID)
  VALUES (1.10282175E8, N'ILEPVACVR', N'', N'FALSE', 1.0, 9606.0);


-- MOD_TABLE
INSERT INTO PRIDEPROT.MOD (CV_TERM, CV_NAME)
  VALUES (N'MOD:01214', N'iodoacetamide -site C');

INSERT INTO PRIDEPROT.MOD (CV_TERM, CV_NAME)
  VALUES (N'MOD:00425', N'monohydroxylated residue');

INSERT INTO PRIDEPROT.MOD (CV_TERM, CV_NAME)
  VALUES (N'MOD:00216', N'N6-formyl-L-lysine');

INSERT INTO PRIDEPROT.MOD (CV_TERM, CV_NAME)
  VALUES (N'MOD:01782', N'N-methyl-L-serine');

INSERT INTO PRIDEPROT.MOD (CV_TERM, CV_NAME)
  VALUES (N'MOD:00046', N'O-phospho-L-serine');

INSERT INTO PRIDEPROT.MOD (CV_TERM, CV_NAME)
  VALUES (N'MOD:01487', N'iTRAQ4plex-114 reporter balance reagent N6-acylated lysine');

INSERT INTO PRIDEPROT.MOD (CV_TERM, CV_NAME)
  VALUES (N'MOD:01486', N'iTRAQ4plex-114 reporter balance reagent acylated N-terminal');

INSERT INTO PRIDEPROT.MOD (CV_TERM, CV_NAME)
  VALUES (N'MOD:00696', N'phosphorylated residue');

INSERT INTO PRIDEPROT.MOD (CV_TERM, CV_NAME)
  VALUES (N'MOD:00544', N'6x(13)C labeled residue');

INSERT INTO PRIDEPROT.MOD (CV_TERM, CV_NAME)
  VALUES (N'MOD:00397', N'iodoacetamide derivatized residue');


-- PEPTIDE_MOD
INSERT INTO PRIDEPROT.PEPTIDE_MOD (PEPTIDE_FK_PK, MOD_FK_PK, POSITION)
  VALUES (4.5482309E7, N'MOD:01214', 3.0);

INSERT INTO PRIDEPROT.PEPTIDE_MOD (PEPTIDE_FK_PK, MOD_FK_PK, POSITION)
  VALUES (4.5499384E7, N'MOD:01214', 2.0);

INSERT INTO PRIDEPROT.PEPTIDE_MOD (PEPTIDE_FK_PK, MOD_FK_PK, POSITION)
  VALUES (4.5513223E7, N'MOD:01214', 14.0);

INSERT INTO PRIDEPROT.PEPTIDE_MOD (PEPTIDE_FK_PK, MOD_FK_PK, POSITION)
  VALUES (4.5513223E7, N'MOD:01214', 19.0);

INSERT INTO PRIDEPROT.PEPTIDE_MOD (PEPTIDE_FK_PK, MOD_FK_PK, POSITION)
  VALUES (4.5520449E7, N'MOD:01214', 9.0);

INSERT INTO PRIDEPROT.PEPTIDE_MOD (PEPTIDE_FK_PK, MOD_FK_PK, POSITION)
  VALUES (4.5552497E7, N'MOD:01214', 2.0);

INSERT INTO PRIDEPROT.PEPTIDE_MOD (PEPTIDE_FK_PK, MOD_FK_PK, POSITION)
  VALUES (4.5552497E7, N'MOD:01214', 5.0);

INSERT INTO PRIDEPROT.PEPTIDE_MOD (PEPTIDE_FK_PK, MOD_FK_PK, POSITION)
  VALUES (4.5552497E7, N'MOD:01214', 8.0);

INSERT INTO PRIDEPROT.PEPTIDE_MOD (PEPTIDE_FK_PK, MOD_FK_PK, POSITION)
  VALUES (4.5582696E7, N'MOD:01214', 20.0);

INSERT INTO PRIDEPROT.PEPTIDE_MOD (PEPTIDE_FK_PK, MOD_FK_PK, POSITION)
  VALUES (4.5642731E7, N'MOD:01214', 3.0);

INSERT INTO PRIDEPROT.PEPTIDE_MOD (PEPTIDE_FK_PK, MOD_FK_PK, POSITION)
  VALUES (4.7699748E7, N'MOD:01214', 7.0);

INSERT INTO PRIDEPROT.PEPTIDE_MOD (PEPTIDE_FK_PK, MOD_FK_PK, POSITION)
  VALUES (5.6753822E7, N'MOD:00425', 2.0);

INSERT INTO PRIDEPROT.PEPTIDE_MOD (PEPTIDE_FK_PK, MOD_FK_PK, POSITION)
  VALUES (5.6753822E7, N'MOD:01214', 5.0);

INSERT INTO PRIDEPROT.PEPTIDE_MOD (PEPTIDE_FK_PK, MOD_FK_PK, POSITION)
  VALUES (5.6753822E7, N'MOD:00425', 7.0);

INSERT INTO PRIDEPROT.PEPTIDE_MOD (PEPTIDE_FK_PK, MOD_FK_PK, POSITION)
  VALUES (5.6753822E7, N'MOD:01214', 8.0);

INSERT INTO PRIDEPROT.PEPTIDE_MOD (PEPTIDE_FK_PK, MOD_FK_PK, POSITION)
  VALUES (5.7991624E7, N'MOD:01214', 9.0);

INSERT INTO PRIDEPROT.PEPTIDE_MOD (PEPTIDE_FK_PK, MOD_FK_PK, POSITION)
  VALUES (5.7991625E7, N'MOD:01214', 7.0);

INSERT INTO PRIDEPROT.PEPTIDE_MOD (PEPTIDE_FK_PK, MOD_FK_PK, POSITION)
  VALUES (5.8195748E7, N'MOD:01214', 7.0);

INSERT INTO PRIDEPROT.PEPTIDE_MOD (PEPTIDE_FK_PK, MOD_FK_PK, POSITION)
  VALUES (6.2565953E7, N'MOD:00216', 2.0);

INSERT INTO PRIDEPROT.PEPTIDE_MOD (PEPTIDE_FK_PK, MOD_FK_PK, POSITION)
  VALUES (6.2565953E7, N'MOD:01782', 19.0);

INSERT INTO PRIDEPROT.PEPTIDE_MOD (PEPTIDE_FK_PK, MOD_FK_PK, POSITION)
  VALUES (6.2565953E7, N'MOD:00046', 20.0);

INSERT INTO PRIDEPROT.PEPTIDE_MOD (PEPTIDE_FK_PK, MOD_FK_PK, POSITION)
  VALUES (6.2574179E7, N'MOD:00046', 3.0);

INSERT INTO PRIDEPROT.PEPTIDE_MOD (PEPTIDE_FK_PK, MOD_FK_PK, POSITION)
  VALUES (6.2574179E7, N'MOD:01782', 19.0);

INSERT INTO PRIDEPROT.PEPTIDE_MOD (PEPTIDE_FK_PK, MOD_FK_PK, POSITION)
  VALUES (6.2574179E7, N'MOD:00216', 22.0);

INSERT INTO PRIDEPROT.PEPTIDE_MOD (PEPTIDE_FK_PK, MOD_FK_PK, POSITION)
  VALUES (6.2594179E7, N'MOD:00216', 2.0);

INSERT INTO PRIDEPROT.PEPTIDE_MOD (PEPTIDE_FK_PK, MOD_FK_PK, POSITION)
  VALUES (6.2594179E7, N'MOD:01782', 19.0);

INSERT INTO PRIDEPROT.PEPTIDE_MOD (PEPTIDE_FK_PK, MOD_FK_PK, POSITION)
  VALUES (6.2594179E7, N'MOD:00046', 20.0);

INSERT INTO PRIDEPROT.PEPTIDE_MOD (PEPTIDE_FK_PK, MOD_FK_PK, POSITION)
  VALUES (6.2601995E7, N'MOD:00046', 3.0);

INSERT INTO PRIDEPROT.PEPTIDE_MOD (PEPTIDE_FK_PK, MOD_FK_PK, POSITION)
  VALUES (6.2601995E7, N'MOD:01782', 20.0);

INSERT INTO PRIDEPROT.PEPTIDE_MOD (PEPTIDE_FK_PK, MOD_FK_PK, POSITION)
  VALUES (6.2601995E7, N'MOD:00216', 22.0);

INSERT INTO PRIDEPROT.PEPTIDE_MOD (PEPTIDE_FK_PK, MOD_FK_PK, POSITION)
  VALUES (9.3861219E7, N'MOD:01487', 9.0);

INSERT INTO PRIDEPROT.PEPTIDE_MOD (PEPTIDE_FK_PK, MOD_FK_PK, POSITION)
  VALUES (9.3861219E7, N'MOD:01486', 1.0);

INSERT INTO PRIDEPROT.PEPTIDE_MOD (PEPTIDE_FK_PK, MOD_FK_PK, POSITION)
  VALUES (9.3861219E7, N'MOD:00696', 3.0);

INSERT INTO PRIDEPROT.PEPTIDE_MOD (PEPTIDE_FK_PK, MOD_FK_PK, POSITION)
  VALUES (9.3861219E7, N'MOD:00696', 7.0);

INSERT INTO PRIDEPROT.PEPTIDE_MOD (PEPTIDE_FK_PK, MOD_FK_PK, POSITION)
  VALUES (1.09663447E8, N'MOD:00425', 1.0);

INSERT INTO PRIDEPROT.PEPTIDE_MOD (PEPTIDE_FK_PK, MOD_FK_PK, POSITION)
  VALUES (1.09663447E8, N'MOD:00544', 2.0);

INSERT INTO PRIDEPROT.PEPTIDE_MOD (PEPTIDE_FK_PK, MOD_FK_PK, POSITION)
  VALUES (1.09663448E8, N'MOD:00425', 1.0);

INSERT INTO PRIDEPROT.PEPTIDE_MOD (PEPTIDE_FK_PK, MOD_FK_PK, POSITION)
  VALUES (1.09663448E8, N'MOD:00544', 2.0);

INSERT INTO PRIDEPROT.PEPTIDE_MOD (PEPTIDE_FK_PK, MOD_FK_PK, POSITION)
  VALUES (1.09663448E8, N'MOD:00544', 6.0);

INSERT INTO PRIDEPROT.PEPTIDE_MOD (PEPTIDE_FK_PK, MOD_FK_PK, POSITION)
  VALUES (1.09663449E8, N'MOD:00425', 1.0);

INSERT INTO PRIDEPROT.PEPTIDE_MOD (PEPTIDE_FK_PK, MOD_FK_PK, POSITION)
  VALUES (1.09663449E8, N'MOD:00544', 2.0);

INSERT INTO PRIDEPROT.PEPTIDE_MOD (PEPTIDE_FK_PK, MOD_FK_PK, POSITION)
  VALUES (1.09663449E8, N'MOD:00544', 6.0);

INSERT INTO PRIDEPROT.PEPTIDE_MOD (PEPTIDE_FK_PK, MOD_FK_PK, POSITION)
  VALUES (1.0966345E8, N'MOD:00425', 1.0);

INSERT INTO PRIDEPROT.PEPTIDE_MOD (PEPTIDE_FK_PK, MOD_FK_PK, POSITION)
  VALUES (1.0966345E8, N'MOD:00544', 2.0);

INSERT INTO PRIDEPROT.PEPTIDE_MOD (PEPTIDE_FK_PK, MOD_FK_PK, POSITION)
  VALUES (1.0966345E8, N'MOD:00544', 6.0);

INSERT INTO PRIDEPROT.PEPTIDE_MOD (PEPTIDE_FK_PK, MOD_FK_PK, POSITION)
  VALUES (1.09663496E8, N'MOD:00425', 1.0);

INSERT INTO PRIDEPROT.PEPTIDE_MOD (PEPTIDE_FK_PK, MOD_FK_PK, POSITION)
  VALUES (1.09663496E8, N'MOD:00544', 2.0);

INSERT INTO PRIDEPROT.PEPTIDE_MOD (PEPTIDE_FK_PK, MOD_FK_PK, POSITION)
  VALUES (1.10281993E8, N'MOD:00397', 7.0);

INSERT INTO PRIDEPROT.PEPTIDE_MOD (PEPTIDE_FK_PK, MOD_FK_PK, POSITION)
  VALUES (1.10281994E8, N'MOD:00397', 7.0);

INSERT INTO PRIDEPROT.PEPTIDE_MOD (PEPTIDE_FK_PK, MOD_FK_PK, POSITION)
  VALUES (1.10281995E8, N'MOD:00397', 7.0);

INSERT INTO PRIDEPROT.PEPTIDE_MOD (PEPTIDE_FK_PK, MOD_FK_PK, POSITION)
  VALUES (1.10282032E8, N'MOD:00425', 1.0);

INSERT INTO PRIDEPROT.PEPTIDE_MOD (PEPTIDE_FK_PK, MOD_FK_PK, POSITION)
  VALUES (1.10282061E8, N'MOD:00544', 6.0);

INSERT INTO PRIDEPROT.PEPTIDE_MOD (PEPTIDE_FK_PK, MOD_FK_PK, POSITION)
  VALUES (1.10282088E8, N'MOD:00397', 7.0);

INSERT INTO PRIDEPROT.PEPTIDE_MOD (PEPTIDE_FK_PK, MOD_FK_PK, POSITION)
  VALUES (1.10282089E8, N'MOD:00397', 7.0);

INSERT INTO PRIDEPROT.PEPTIDE_MOD (PEPTIDE_FK_PK, MOD_FK_PK, POSITION)
  VALUES (1.1028209E8, N'MOD:00397', 7.0);

INSERT INTO PRIDEPROT.PEPTIDE_MOD (PEPTIDE_FK_PK, MOD_FK_PK, POSITION)
  VALUES (1.1028215E8, N'MOD:00544', 6.0);

INSERT INTO PRIDEPROT.PEPTIDE_MOD (PEPTIDE_FK_PK, MOD_FK_PK, POSITION)
  VALUES (1.10282151E8, N'MOD:00544', 2.0);

INSERT INTO PRIDEPROT.PEPTIDE_MOD (PEPTIDE_FK_PK, MOD_FK_PK, POSITION)
  VALUES (1.10282174E8, N'MOD:00397', 7.0);

INSERT INTO PRIDEPROT.PEPTIDE_MOD (PEPTIDE_FK_PK, MOD_FK_PK, POSITION)
  VALUES (1.10282175E8, N'MOD:00397', 7.0);


-- ASSAY
INSERT INTO PRIDEPROT.ASSAY (ASSAY_ACCESSION, PROJECT_ACCESSION, TAXID)
  VALUES (N'13177', N'PRD000269', 9606.0);

INSERT INTO PRIDEPROT.ASSAY (ASSAY_ACCESSION, PROJECT_ACCESSION, TAXID)
  VALUES (N'13179', N'PRD000269', 9606.0);

INSERT INTO PRIDEPROT.ASSAY (ASSAY_ACCESSION, PROJECT_ACCESSION, TAXID)
  VALUES (N'13180', N'PRD000269', 9606.0);

INSERT INTO PRIDEPROT.ASSAY (ASSAY_ACCESSION, PROJECT_ACCESSION, TAXID)
  VALUES (N'13182', N'PRD000269', 9606.0);

INSERT INTO PRIDEPROT.ASSAY (ASSAY_ACCESSION, PROJECT_ACCESSION, TAXID)
  VALUES (N'13183', N'PRD000269', 9606.0);

INSERT INTO PRIDEPROT.ASSAY (ASSAY_ACCESSION, PROJECT_ACCESSION, TAXID)
  VALUES (N'13186', N'PRD000269', 9606.0);

INSERT INTO PRIDEPROT.ASSAY (ASSAY_ACCESSION, PROJECT_ACCESSION, TAXID)
  VALUES (N'13187', N'PRD000269', 9606.0);

INSERT INTO PRIDEPROT.ASSAY (ASSAY_ACCESSION, PROJECT_ACCESSION, TAXID)
  VALUES (N'13188', N'PRD000269', 9606.0);

INSERT INTO PRIDEPROT.ASSAY (ASSAY_ACCESSION, PROJECT_ACCESSION, TAXID)
  VALUES (N'13189', N'PRD000269', 9606.0);

INSERT INTO PRIDEPROT.ASSAY (ASSAY_ACCESSION, PROJECT_ACCESSION, TAXID)
  VALUES (N'13190', N'PRD000269', 9606.0);

INSERT INTO PRIDEPROT.ASSAY (ASSAY_ACCESSION, PROJECT_ACCESSION, TAXID)
  VALUES (N'13191', N'PRD000269', 9606.0);

INSERT INTO PRIDEPROT.ASSAY (ASSAY_ACCESSION, PROJECT_ACCESSION, TAXID)
  VALUES (N'13192', N'PRD000269', 9606.0);

INSERT INTO PRIDEPROT.ASSAY (ASSAY_ACCESSION, PROJECT_ACCESSION, TAXID)
  VALUES (N'13193', N'PRD000269', 9606.0);

INSERT INTO PRIDEPROT.ASSAY (ASSAY_ACCESSION, PROJECT_ACCESSION, TAXID)
  VALUES (N'13195', N'PRD000269', 9606.0);

INSERT INTO PRIDEPROT.ASSAY (ASSAY_ACCESSION, PROJECT_ACCESSION, TAXID)
  VALUES (N'13198', N'PRD000269', 9606.0);

INSERT INTO PRIDEPROT.ASSAY (ASSAY_ACCESSION, PROJECT_ACCESSION, TAXID)
  VALUES (N'13199', N'PRD000269', 9606.0);

INSERT INTO PRIDEPROT.ASSAY (ASSAY_ACCESSION, PROJECT_ACCESSION, TAXID)
  VALUES (N'13200', N'PRD000269', 9606.0);

INSERT INTO PRIDEPROT.ASSAY (ASSAY_ACCESSION, PROJECT_ACCESSION, TAXID)
  VALUES (N'13546', N'PRD000269', 9606.0);

INSERT INTO PRIDEPROT.ASSAY (ASSAY_ACCESSION, PROJECT_ACCESSION, TAXID)
  VALUES (N'13549', N'PRD000269', 9606.0);

INSERT INTO PRIDEPROT.ASSAY (ASSAY_ACCESSION, PROJECT_ACCESSION, TAXID)
  VALUES (N'13550', N'PRD000269', 9606.0);

INSERT INTO PRIDEPROT.ASSAY (ASSAY_ACCESSION, PROJECT_ACCESSION, TAXID)
  VALUES (N'13554', N'PRD000269', 9606.0);

INSERT INTO PRIDEPROT.ASSAY (ASSAY_ACCESSION, PROJECT_ACCESSION, TAXID)
  VALUES (N'13564', N'PRD000269', 9606.0);

INSERT INTO PRIDEPROT.ASSAY (ASSAY_ACCESSION, PROJECT_ACCESSION, TAXID)
  VALUES (N'15916', N'PRD000365', 9606.0);

INSERT INTO PRIDEPROT.ASSAY (ASSAY_ACCESSION, PROJECT_ACCESSION, TAXID)
  VALUES (N'16948', N'PRD000416', 9606.0);

INSERT INTO PRIDEPROT.ASSAY (ASSAY_ACCESSION, PROJECT_ACCESSION, TAXID)
  VALUES (N'16950', N'PRD000416', 9606.0);

INSERT INTO PRIDEPROT.ASSAY (ASSAY_ACCESSION, PROJECT_ACCESSION, TAXID)
  VALUES (N'16953', N'PRD000417', 9606.0);

INSERT INTO PRIDEPROT.ASSAY (ASSAY_ACCESSION, PROJECT_ACCESSION, TAXID)
  VALUES (N'16967', N'PRD000416', 9606.0);

INSERT INTO PRIDEPROT.ASSAY (ASSAY_ACCESSION, PROJECT_ACCESSION, TAXID)
  VALUES (N'17009', N'PRD000417', 9606.0);

INSERT INTO PRIDEPROT.ASSAY (ASSAY_ACCESSION, PROJECT_ACCESSION, TAXID)
  VALUES (N'17013', N'PRD000416', 9606.0);

INSERT INTO PRIDEPROT.ASSAY (ASSAY_ACCESSION, PROJECT_ACCESSION, TAXID)
  VALUES (N'17037', N'PRD000416', 9606.0);

INSERT INTO PRIDEPROT.ASSAY (ASSAY_ACCESSION, PROJECT_ACCESSION, TAXID)
  VALUES (N'17039', N'PRD000416', 9606.0);

INSERT INTO PRIDEPROT.ASSAY (ASSAY_ACCESSION, PROJECT_ACCESSION, TAXID)
  VALUES (N'17044', N'PRD000416', 9606.0);

INSERT INTO PRIDEPROT.ASSAY (ASSAY_ACCESSION, PROJECT_ACCESSION, TAXID)
  VALUES (N'17047', N'PRD000416', 9606.0);

INSERT INTO PRIDEPROT.ASSAY (ASSAY_ACCESSION, PROJECT_ACCESSION, TAXID)
  VALUES (N'17048', N'PRD000417', 9606.0);

INSERT INTO PRIDEPROT.ASSAY (ASSAY_ACCESSION, PROJECT_ACCESSION, TAXID)
  VALUES (N'17674', N'PRD000443', 9606.0);

INSERT INTO PRIDEPROT.ASSAY (ASSAY_ACCESSION, PROJECT_ACCESSION, TAXID)
  VALUES (N'17676', N'PRD000443', 9606.0);

INSERT INTO PRIDEPROT.ASSAY (ASSAY_ACCESSION, PROJECT_ACCESSION, TAXID)
  VALUES (N'17681', N'PRD000443', 9606.0);

INSERT INTO PRIDEPROT.ASSAY (ASSAY_ACCESSION, PROJECT_ACCESSION, TAXID)
  VALUES (N'17683', N'PRD000443', 9606.0);

INSERT INTO PRIDEPROT.ASSAY (ASSAY_ACCESSION, PROJECT_ACCESSION, TAXID)
  VALUES (N'22201', N'PRD000665', 9606.0);

INSERT INTO PRIDEPROT.ASSAY (ASSAY_ACCESSION, PROJECT_ACCESSION, TAXID)
  VALUES (N'26881', N'PXD000004', 9606.0);

INSERT INTO PRIDEPROT.ASSAY (ASSAY_ACCESSION, PROJECT_ACCESSION, TAXID)
  VALUES (N'26882', N'PXD000004', 9606.0);


-- PEP_ASSAY_TABLE SYMBOLIC
INSERT INTO PRIDEPROT.PEP_ASSAY (PEPTIDE_FK_PK, ASSAY_FK_PK)
  VALUES (1.0, N'13177');

INSERT INTO PRIDEPROT.PEP_ASSAY (PEPTIDE_FK_PK, ASSAY_FK_PK)
  VALUES (1.0, N'13198');

INSERT INTO PRIDEPROT.PEP_ASSAY (PEPTIDE_FK_PK, ASSAY_FK_PK)
  VALUES (2.0, N'13177');

INSERT INTO PRIDEPROT.PEP_ASSAY (PEPTIDE_FK_PK, ASSAY_FK_PK)
  VALUES (2.0, N'13190');

INSERT INTO PRIDEPROT.PEP_ASSAY (PEPTIDE_FK_PK, ASSAY_FK_PK)
  VALUES (2.0, N'17013');

INSERT INTO PRIDEPROT.PEP_ASSAY (PEPTIDE_FK_PK, ASSAY_FK_PK)
  VALUES (3.0, N'13179');

INSERT INTO PRIDEPROT.PEP_ASSAY (PEPTIDE_FK_PK, ASSAY_FK_PK)
  VALUES (3.0, N'26881');

INSERT INTO PRIDEPROT.PEP_ASSAY (PEPTIDE_FK_PK, ASSAY_FK_PK)
  VALUES (4.0, N'13180');

INSERT INTO PRIDEPROT.PEP_ASSAY (PEPTIDE_FK_PK, ASSAY_FK_PK)
  VALUES (5.0, N'13182');

INSERT INTO PRIDEPROT.PEP_ASSAY (PEPTIDE_FK_PK, ASSAY_FK_PK)
  VALUES (6.0, N'13183');

INSERT INTO PRIDEPROT.PEP_ASSAY (PEPTIDE_FK_PK, ASSAY_FK_PK)
  VALUES (6.0, N'16967');

INSERT INTO PRIDEPROT.PEP_ASSAY (PEPTIDE_FK_PK, ASSAY_FK_PK)
  VALUES (7.0, N'13186');

INSERT INTO PRIDEPROT.PEP_ASSAY (PEPTIDE_FK_PK, ASSAY_FK_PK)
  VALUES (8.0, N'13186');

INSERT INTO PRIDEPROT.PEP_ASSAY (PEPTIDE_FK_PK, ASSAY_FK_PK)
  VALUES (9.0, N'13187');

INSERT INTO PRIDEPROT.PEP_ASSAY (PEPTIDE_FK_PK, ASSAY_FK_PK)
  VALUES (10.0, N'13188');

INSERT INTO PRIDEPROT.PEP_ASSAY (PEPTIDE_FK_PK, ASSAY_FK_PK)
  VALUES (11.0, N'13188');

INSERT INTO PRIDEPROT.PEP_ASSAY (PEPTIDE_FK_PK, ASSAY_FK_PK)
  VALUES (11.0, N'13200');

INSERT INTO PRIDEPROT.PEP_ASSAY (PEPTIDE_FK_PK, ASSAY_FK_PK)
  VALUES (12.0, N'13188');

INSERT INTO PRIDEPROT.PEP_ASSAY (PEPTIDE_FK_PK, ASSAY_FK_PK)
  VALUES (13.0, N'13189');

INSERT INTO PRIDEPROT.PEP_ASSAY (PEPTIDE_FK_PK, ASSAY_FK_PK)
  VALUES (14.0, N'13190');

INSERT INTO PRIDEPROT.PEP_ASSAY (PEPTIDE_FK_PK, ASSAY_FK_PK)
  VALUES (15.0, N'13191');

INSERT INTO PRIDEPROT.PEP_ASSAY (PEPTIDE_FK_PK, ASSAY_FK_PK)
  VALUES (16.0, N'13192');

INSERT INTO PRIDEPROT.PEP_ASSAY (PEPTIDE_FK_PK, ASSAY_FK_PK)
  VALUES (17.0, N'13193');

INSERT INTO PRIDEPROT.PEP_ASSAY (PEPTIDE_FK_PK, ASSAY_FK_PK)
  VALUES (18.0, N'13195');

INSERT INTO PRIDEPROT.PEP_ASSAY (PEPTIDE_FK_PK, ASSAY_FK_PK)
  VALUES (18.0, N'26882');

INSERT INTO PRIDEPROT.PEP_ASSAY (PEPTIDE_FK_PK, ASSAY_FK_PK)
  VALUES (19.0, N'13198');

INSERT INTO PRIDEPROT.PEP_ASSAY (PEPTIDE_FK_PK, ASSAY_FK_PK)
  VALUES (19.0, N'13199');

INSERT INTO PRIDEPROT.PEP_ASSAY (PEPTIDE_FK_PK, ASSAY_FK_PK)
  VALUES (20.0, N'13199');

INSERT INTO PRIDEPROT.PEP_ASSAY (PEPTIDE_FK_PK, ASSAY_FK_PK)
  VALUES (21.0, N'13546');

INSERT INTO PRIDEPROT.PEP_ASSAY (PEPTIDE_FK_PK, ASSAY_FK_PK)
  VALUES (21.0, N'17047');

INSERT INTO PRIDEPROT.PEP_ASSAY (PEPTIDE_FK_PK, ASSAY_FK_PK)
  VALUES (22.0, N'13549');

INSERT INTO PRIDEPROT.PEP_ASSAY (PEPTIDE_FK_PK, ASSAY_FK_PK)
  VALUES (22.0, N'17048');

INSERT INTO PRIDEPROT.PEP_ASSAY (PEPTIDE_FK_PK, ASSAY_FK_PK)
  VALUES (22.0, N'17674');

INSERT INTO PRIDEPROT.PEP_ASSAY (PEPTIDE_FK_PK, ASSAY_FK_PK)
  VALUES (22.0, N'17676');

INSERT INTO PRIDEPROT.PEP_ASSAY (PEPTIDE_FK_PK, ASSAY_FK_PK)
  VALUES (22.0, N'17681');

INSERT INTO PRIDEPROT.PEP_ASSAY (PEPTIDE_FK_PK, ASSAY_FK_PK)
  VALUES (22.0, N'17683');

INSERT INTO PRIDEPROT.PEP_ASSAY (PEPTIDE_FK_PK, ASSAY_FK_PK)
  VALUES (23.0, N'13549');

INSERT INTO PRIDEPROT.PEP_ASSAY (PEPTIDE_FK_PK, ASSAY_FK_PK)
  VALUES (23.0, N'17048');

INSERT INTO PRIDEPROT.PEP_ASSAY (PEPTIDE_FK_PK, ASSAY_FK_PK)
  VALUES (24.0, N'13550');

INSERT INTO PRIDEPROT.PEP_ASSAY (PEPTIDE_FK_PK, ASSAY_FK_PK)
  VALUES (24.0, N'17037');

INSERT INTO PRIDEPROT.PEP_ASSAY (PEPTIDE_FK_PK, ASSAY_FK_PK)
  VALUES (25.0, N'13554');

INSERT INTO PRIDEPROT.PEP_ASSAY (PEPTIDE_FK_PK, ASSAY_FK_PK)
  VALUES (25.0, N'16967');

INSERT INTO PRIDEPROT.PEP_ASSAY (PEPTIDE_FK_PK, ASSAY_FK_PK)
  VALUES (25.0, N'17039');

INSERT INTO PRIDEPROT.PEP_ASSAY (PEPTIDE_FK_PK, ASSAY_FK_PK)
  VALUES (25.0, N'26882');

INSERT INTO PRIDEPROT.PEP_ASSAY (PEPTIDE_FK_PK, ASSAY_FK_PK)
  VALUES (26.0, N'13564');

INSERT INTO PRIDEPROT.PEP_ASSAY (PEPTIDE_FK_PK, ASSAY_FK_PK)
  VALUES (26.0, N'17044');

INSERT INTO PRIDEPROT.PEP_ASSAY (PEPTIDE_FK_PK, ASSAY_FK_PK)
  VALUES (27.0, N'15916');

INSERT INTO PRIDEPROT.PEP_ASSAY (PEPTIDE_FK_PK, ASSAY_FK_PK)
  VALUES (28.0, N'16948');

INSERT INTO PRIDEPROT.PEP_ASSAY (PEPTIDE_FK_PK, ASSAY_FK_PK)
  VALUES (28.0, N'17009');

INSERT INTO PRIDEPROT.PEP_ASSAY (PEPTIDE_FK_PK, ASSAY_FK_PK)
  VALUES (28.0, N'22201');

INSERT INTO PRIDEPROT.PEP_ASSAY (PEPTIDE_FK_PK, ASSAY_FK_PK)
  VALUES (28.0, N'26881');

INSERT INTO PRIDEPROT.PEP_ASSAY (PEPTIDE_FK_PK, ASSAY_FK_PK)
  VALUES (28.0, N'26882');

INSERT INTO PRIDEPROT.PEP_ASSAY (PEPTIDE_FK_PK, ASSAY_FK_PK)
  VALUES (29.0, N'16950');

INSERT INTO PRIDEPROT.PEP_ASSAY (PEPTIDE_FK_PK, ASSAY_FK_PK)
  VALUES (30.0, N'16953');

INSERT INTO PRIDEPROT.PEP_ASSAY (PEPTIDE_FK_PK, ASSAY_FK_PK)
  VALUES (30.0, N'26881');

INSERT INTO PRIDEPROT.PEP_ASSAY (PEPTIDE_FK_PK, ASSAY_FK_PK)
  VALUES (30.0, N'26882');


--PEP_ASSAY VARIANTS
INSERT INTO PRIDEPROT.PEP_ASSAY (PEPTIDE_FK_PK, ASSAY_FK_PK)
  VALUES (4.5482309E7, N'13177');

INSERT INTO PRIDEPROT.PEP_ASSAY (PEPTIDE_FK_PK, ASSAY_FK_PK)
  VALUES (4.548231E7, N'13177');

INSERT INTO PRIDEPROT.PEP_ASSAY (PEPTIDE_FK_PK, ASSAY_FK_PK)
  VALUES (4.5492524E7, N'13179');

INSERT INTO PRIDEPROT.PEP_ASSAY (PEPTIDE_FK_PK, ASSAY_FK_PK)
  VALUES (4.5499384E7, N'13180');

INSERT INTO PRIDEPROT.PEP_ASSAY (PEPTIDE_FK_PK, ASSAY_FK_PK)
  VALUES (4.5513223E7, N'13182');

INSERT INTO PRIDEPROT.PEP_ASSAY (PEPTIDE_FK_PK, ASSAY_FK_PK)
  VALUES (4.5520449E7, N'13183');

INSERT INTO PRIDEPROT.PEP_ASSAY (PEPTIDE_FK_PK, ASSAY_FK_PK)
  VALUES (4.554465E7, N'13186');

INSERT INTO PRIDEPROT.PEP_ASSAY (PEPTIDE_FK_PK, ASSAY_FK_PK)
  VALUES (4.5544651E7, N'13186');

INSERT INTO PRIDEPROT.PEP_ASSAY (PEPTIDE_FK_PK, ASSAY_FK_PK)
  VALUES (4.5552497E7, N'13187');

INSERT INTO PRIDEPROT.PEP_ASSAY (PEPTIDE_FK_PK, ASSAY_FK_PK)
  VALUES (4.5560378E7, N'13188');

INSERT INTO PRIDEPROT.PEP_ASSAY (PEPTIDE_FK_PK, ASSAY_FK_PK)
  VALUES (4.5560379E7, N'13188');

INSERT INTO PRIDEPROT.PEP_ASSAY (PEPTIDE_FK_PK, ASSAY_FK_PK)
  VALUES (4.556038E7, N'13188');

INSERT INTO PRIDEPROT.PEP_ASSAY (PEPTIDE_FK_PK, ASSAY_FK_PK)
  VALUES (4.5568184E7, N'13189');

INSERT INTO PRIDEPROT.PEP_ASSAY (PEPTIDE_FK_PK, ASSAY_FK_PK)
  VALUES (4.5575358E7, N'13190');

INSERT INTO PRIDEPROT.PEP_ASSAY (PEPTIDE_FK_PK, ASSAY_FK_PK)
  VALUES (4.5575359E7, N'13190');

INSERT INTO PRIDEPROT.PEP_ASSAY (PEPTIDE_FK_PK, ASSAY_FK_PK)
  VALUES (4.557536E7, N'13190');

INSERT INTO PRIDEPROT.PEP_ASSAY (PEPTIDE_FK_PK, ASSAY_FK_PK)
  VALUES (4.5575361E7, N'13190');

INSERT INTO PRIDEPROT.PEP_ASSAY (PEPTIDE_FK_PK, ASSAY_FK_PK)
  VALUES (4.5582696E7, N'13191');

INSERT INTO PRIDEPROT.PEP_ASSAY (PEPTIDE_FK_PK, ASSAY_FK_PK)
  VALUES (4.5590402E7, N'13192');

INSERT INTO PRIDEPROT.PEP_ASSAY (PEPTIDE_FK_PK, ASSAY_FK_PK)
  VALUES (4.5597533E7, N'13193');

INSERT INTO PRIDEPROT.PEP_ASSAY (PEPTIDE_FK_PK, ASSAY_FK_PK)
  VALUES (4.5619484E7, N'13195');

INSERT INTO PRIDEPROT.PEP_ASSAY (PEPTIDE_FK_PK, ASSAY_FK_PK)
  VALUES (4.5642731E7, N'13198');

INSERT INTO PRIDEPROT.PEP_ASSAY (PEPTIDE_FK_PK, ASSAY_FK_PK)
  VALUES (4.5642732E7, N'13198');

INSERT INTO PRIDEPROT.PEP_ASSAY (PEPTIDE_FK_PK, ASSAY_FK_PK)
  VALUES (4.5642733E7, N'13198');

INSERT INTO PRIDEPROT.PEP_ASSAY (PEPTIDE_FK_PK, ASSAY_FK_PK)
  VALUES (4.5650591E7, N'13199');

INSERT INTO PRIDEPROT.PEP_ASSAY (PEPTIDE_FK_PK, ASSAY_FK_PK)
  VALUES (4.5650592E7, N'13199');

INSERT INTO PRIDEPROT.PEP_ASSAY (PEPTIDE_FK_PK, ASSAY_FK_PK)
  VALUES (4.565828E7, N'13200');

INSERT INTO PRIDEPROT.PEP_ASSAY (PEPTIDE_FK_PK, ASSAY_FK_PK)
  VALUES (4.7681338E7, N'13546');

INSERT INTO PRIDEPROT.PEP_ASSAY (PEPTIDE_FK_PK, ASSAY_FK_PK)
  VALUES (4.7687212E7, N'13549');

INSERT INTO PRIDEPROT.PEP_ASSAY (PEPTIDE_FK_PK, ASSAY_FK_PK)
  VALUES (4.7687213E7, N'13549');

INSERT INTO PRIDEPROT.PEP_ASSAY (PEPTIDE_FK_PK, ASSAY_FK_PK)
  VALUES (4.7689691E7, N'13550');

INSERT INTO PRIDEPROT.PEP_ASSAY (PEPTIDE_FK_PK, ASSAY_FK_PK)
  VALUES (4.7699748E7, N'13554');

INSERT INTO PRIDEPROT.PEP_ASSAY (PEPTIDE_FK_PK, ASSAY_FK_PK)
  VALUES (4.772985E7, N'13564');

INSERT INTO PRIDEPROT.PEP_ASSAY (PEPTIDE_FK_PK, ASSAY_FK_PK)
  VALUES (5.6753822E7, N'15916');

INSERT INTO PRIDEPROT.PEP_ASSAY (PEPTIDE_FK_PK, ASSAY_FK_PK)
  VALUES (5.7942747E7, N'16948');

INSERT INTO PRIDEPROT.PEP_ASSAY (PEPTIDE_FK_PK, ASSAY_FK_PK)
  VALUES (5.7948563E7, N'16950');

INSERT INTO PRIDEPROT.PEP_ASSAY (PEPTIDE_FK_PK, ASSAY_FK_PK)
  VALUES (5.795425E7, N'16953');

INSERT INTO PRIDEPROT.PEP_ASSAY (PEPTIDE_FK_PK, ASSAY_FK_PK)
  VALUES (5.7991624E7, N'16967');

INSERT INTO PRIDEPROT.PEP_ASSAY (PEPTIDE_FK_PK, ASSAY_FK_PK)
  VALUES (5.7991625E7, N'16967');

INSERT INTO PRIDEPROT.PEP_ASSAY (PEPTIDE_FK_PK, ASSAY_FK_PK)
  VALUES (5.8110502E7, N'17009');

INSERT INTO PRIDEPROT.PEP_ASSAY (PEPTIDE_FK_PK, ASSAY_FK_PK)
  VALUES (5.8121447E7, N'17013');

INSERT INTO PRIDEPROT.PEP_ASSAY (PEPTIDE_FK_PK, ASSAY_FK_PK)
  VALUES (5.8189691E7, N'17037');

INSERT INTO PRIDEPROT.PEP_ASSAY (PEPTIDE_FK_PK, ASSAY_FK_PK)
  VALUES (5.8195748E7, N'17039');

INSERT INTO PRIDEPROT.PEP_ASSAY (PEPTIDE_FK_PK, ASSAY_FK_PK)
  VALUES (5.821085E7, N'17044');

INSERT INTO PRIDEPROT.PEP_ASSAY (PEPTIDE_FK_PK, ASSAY_FK_PK)
  VALUES (5.8219338E7, N'17047');

INSERT INTO PRIDEPROT.PEP_ASSAY (PEPTIDE_FK_PK, ASSAY_FK_PK)
  VALUES (5.8221212E7, N'17048');

INSERT INTO PRIDEPROT.PEP_ASSAY (PEPTIDE_FK_PK, ASSAY_FK_PK)
  VALUES (5.8221213E7, N'17048');

INSERT INTO PRIDEPROT.PEP_ASSAY (PEPTIDE_FK_PK, ASSAY_FK_PK)
  VALUES (6.2565953E7, N'17674');

INSERT INTO PRIDEPROT.PEP_ASSAY (PEPTIDE_FK_PK, ASSAY_FK_PK)
  VALUES (6.2574179E7, N'17676');

INSERT INTO PRIDEPROT.PEP_ASSAY (PEPTIDE_FK_PK, ASSAY_FK_PK)
  VALUES (6.2594179E7, N'17681');

INSERT INTO PRIDEPROT.PEP_ASSAY (PEPTIDE_FK_PK, ASSAY_FK_PK)
  VALUES (6.2601995E7, N'17683');

INSERT INTO PRIDEPROT.PEP_ASSAY (PEPTIDE_FK_PK, ASSAY_FK_PK)
  VALUES (9.3861219E7, N'22201');

INSERT INTO PRIDEPROT.PEP_ASSAY (PEPTIDE_FK_PK, ASSAY_FK_PK)
  VALUES (1.09663404E8, N'26881');

INSERT INTO PRIDEPROT.PEP_ASSAY (PEPTIDE_FK_PK, ASSAY_FK_PK)
  VALUES (1.09663416E8, N'26881');

INSERT INTO PRIDEPROT.PEP_ASSAY (PEPTIDE_FK_PK, ASSAY_FK_PK)
  VALUES (1.09663425E8, N'26881');

INSERT INTO PRIDEPROT.PEP_ASSAY (PEPTIDE_FK_PK, ASSAY_FK_PK)
  VALUES (1.09663442E8, N'26881');

INSERT INTO PRIDEPROT.PEP_ASSAY (PEPTIDE_FK_PK, ASSAY_FK_PK)
  VALUES (1.09663447E8, N'26881');

INSERT INTO PRIDEPROT.PEP_ASSAY (PEPTIDE_FK_PK, ASSAY_FK_PK)
  VALUES (1.09663448E8, N'26881');

INSERT INTO PRIDEPROT.PEP_ASSAY (PEPTIDE_FK_PK, ASSAY_FK_PK)
  VALUES (1.09663449E8, N'26881');

INSERT INTO PRIDEPROT.PEP_ASSAY (PEPTIDE_FK_PK, ASSAY_FK_PK)
  VALUES (1.0966345E8, N'26881');

INSERT INTO PRIDEPROT.PEP_ASSAY (PEPTIDE_FK_PK, ASSAY_FK_PK)
  VALUES (1.09663465E8, N'26881');

INSERT INTO PRIDEPROT.PEP_ASSAY (PEPTIDE_FK_PK, ASSAY_FK_PK)
  VALUES (1.09663496E8, N'26881');

INSERT INTO PRIDEPROT.PEP_ASSAY (PEPTIDE_FK_PK, ASSAY_FK_PK)
  VALUES (1.09663504E8, N'26881');

INSERT INTO PRIDEPROT.PEP_ASSAY (PEPTIDE_FK_PK, ASSAY_FK_PK)
  VALUES (1.10281993E8, N'26882');

INSERT INTO PRIDEPROT.PEP_ASSAY (PEPTIDE_FK_PK, ASSAY_FK_PK)
  VALUES (1.10281994E8, N'26882');

INSERT INTO PRIDEPROT.PEP_ASSAY (PEPTIDE_FK_PK, ASSAY_FK_PK)
  VALUES (1.10281995E8, N'26882');

INSERT INTO PRIDEPROT.PEP_ASSAY (PEPTIDE_FK_PK, ASSAY_FK_PK)
  VALUES (1.10282032E8, N'26882');

INSERT INTO PRIDEPROT.PEP_ASSAY (PEPTIDE_FK_PK, ASSAY_FK_PK)
  VALUES (1.10282061E8, N'26882');

INSERT INTO PRIDEPROT.PEP_ASSAY (PEPTIDE_FK_PK, ASSAY_FK_PK)
  VALUES (1.10282088E8, N'26882');

INSERT INTO PRIDEPROT.PEP_ASSAY (PEPTIDE_FK_PK, ASSAY_FK_PK)
  VALUES (1.10282089E8, N'26882');

INSERT INTO PRIDEPROT.PEP_ASSAY (PEPTIDE_FK_PK, ASSAY_FK_PK)
  VALUES (1.1028209E8, N'26882');

INSERT INTO PRIDEPROT.PEP_ASSAY (PEPTIDE_FK_PK, ASSAY_FK_PK)
  VALUES (1.1028215E8, N'26882');

INSERT INTO PRIDEPROT.PEP_ASSAY (PEPTIDE_FK_PK, ASSAY_FK_PK)
  VALUES (1.10282151E8, N'26882');

INSERT INTO PRIDEPROT.PEP_ASSAY (PEPTIDE_FK_PK, ASSAY_FK_PK)
  VALUES (1.10282172E8, N'26882');

INSERT INTO PRIDEPROT.PEP_ASSAY (PEPTIDE_FK_PK, ASSAY_FK_PK)
  VALUES (1.10282174E8, N'26882');

INSERT INTO PRIDEPROT.PEP_ASSAY (PEPTIDE_FK_PK, ASSAY_FK_PK)
  VALUES (1.10282175E8, N'26882');

--CV_PARAM
INSERT INTO PRIDEPROT.CV_PARAM (CV_TERM, CV_NAME, CV_TYPE)
  VALUES ('BTO:0000131', 'blood plasma', 'TISSUE');

INSERT INTO PRIDEPROT.CV_PARAM (CV_TERM, CV_NAME, CV_TYPE)
  VALUES ('CL:0000182', 'hepatocyte', 'CELL_TYPE');

INSERT INTO PRIDEPROT.CV_PARAM (CV_TERM, CV_NAME, CV_TYPE)
  VALUES ('BTO:0000132', 'blood platelet', 'TISSUE');

INSERT INTO PRIDEPROT.CV_PARAM (CV_TERM, CV_NAME, CV_TYPE)
  VALUES ('BTO:0000157', 'aorta thoracica', 'TISSUE');

INSERT INTO PRIDEPROT.CV_PARAM (CV_TERM, CV_NAME, CV_TYPE)
  VALUES ('CL:0000233', 'platelet', 'CELL_TYPE');

INSERT INTO PRIDEPROT.CV_PARAM (CV_TERM, CV_NAME, CV_TYPE)
  VALUES ('BTO:0000142', 'brain', 'TISSUE');


--ASSAY_CV_TABLE
INSERT INTO PRIDEPROT.ASSAY_CV (ASSAY_FK_PK, CV_PARAM_FK_PK)
  VALUES (N'13189', N'BTO:0000157');

INSERT INTO PRIDEPROT.ASSAY_CV (ASSAY_FK_PK, CV_PARAM_FK_PK)
  VALUES (N'13193', N'BTO:0000157');

INSERT INTO PRIDEPROT.ASSAY_CV (ASSAY_FK_PK, CV_PARAM_FK_PK)
  VALUES (N'13200', N'BTO:0000157');

INSERT INTO PRIDEPROT.ASSAY_CV (ASSAY_FK_PK, CV_PARAM_FK_PK)
  VALUES (N'26881', N'BTO:0000142');

INSERT INTO PRIDEPROT.ASSAY_CV (ASSAY_FK_PK, CV_PARAM_FK_PK)
  VALUES (N'13179', N'BTO:0000157');

INSERT INTO PRIDEPROT.ASSAY_CV (ASSAY_FK_PK, CV_PARAM_FK_PK)
  VALUES (N'13182', N'BTO:0000157');

INSERT INTO PRIDEPROT.ASSAY_CV (ASSAY_FK_PK, CV_PARAM_FK_PK)
  VALUES (N'13549', N'BTO:0000157');

INSERT INTO PRIDEPROT.ASSAY_CV (ASSAY_FK_PK, CV_PARAM_FK_PK)
  VALUES (N'13550', N'BTO:0000157');

INSERT INTO PRIDEPROT.ASSAY_CV (ASSAY_FK_PK, CV_PARAM_FK_PK)
  VALUES (N'13564', N'BTO:0000157');

INSERT INTO PRIDEPROT.ASSAY_CV (ASSAY_FK_PK, CV_PARAM_FK_PK)
  VALUES (N'17681', N'CL:0000182');

INSERT INTO PRIDEPROT.ASSAY_CV (ASSAY_FK_PK, CV_PARAM_FK_PK)
  VALUES (N'13183', N'BTO:0000157');

INSERT INTO PRIDEPROT.ASSAY_CV (ASSAY_FK_PK, CV_PARAM_FK_PK)
  VALUES (N'13188', N'BTO:0000157');

INSERT INTO PRIDEPROT.ASSAY_CV (ASSAY_FK_PK, CV_PARAM_FK_PK)
  VALUES (N'13192', N'BTO:0000157');

INSERT INTO PRIDEPROT.ASSAY_CV (ASSAY_FK_PK, CV_PARAM_FK_PK)
  VALUES (N'17676', N'CL:0000182');

INSERT INTO PRIDEPROT.ASSAY_CV (ASSAY_FK_PK, CV_PARAM_FK_PK)
  VALUES (N'26882', N'BTO:0000142');

INSERT INTO PRIDEPROT.ASSAY_CV (ASSAY_FK_PK, CV_PARAM_FK_PK)
  VALUES (N'13180', N'BTO:0000157');

INSERT INTO PRIDEPROT.ASSAY_CV (ASSAY_FK_PK, CV_PARAM_FK_PK)
  VALUES (N'13187', N'BTO:0000157');

INSERT INTO PRIDEPROT.ASSAY_CV (ASSAY_FK_PK, CV_PARAM_FK_PK)
  VALUES (N'13199', N'BTO:0000157');

INSERT INTO PRIDEPROT.ASSAY_CV (ASSAY_FK_PK, CV_PARAM_FK_PK)
  VALUES (N'17674', N'CL:0000182');

INSERT INTO PRIDEPROT.ASSAY_CV (ASSAY_FK_PK, CV_PARAM_FK_PK)
  VALUES (N'13554', N'BTO:0000157');

INSERT INTO PRIDEPROT.ASSAY_CV (ASSAY_FK_PK, CV_PARAM_FK_PK)
  VALUES (N'13186', N'BTO:0000157');

INSERT INTO PRIDEPROT.ASSAY_CV (ASSAY_FK_PK, CV_PARAM_FK_PK)
  VALUES (N'13190', N'BTO:0000157');

INSERT INTO PRIDEPROT.ASSAY_CV (ASSAY_FK_PK, CV_PARAM_FK_PK)
  VALUES (N'13191', N'BTO:0000157');

INSERT INTO PRIDEPROT.ASSAY_CV (ASSAY_FK_PK, CV_PARAM_FK_PK)
  VALUES (N'13195', N'BTO:0000157');

INSERT INTO PRIDEPROT.ASSAY_CV (ASSAY_FK_PK, CV_PARAM_FK_PK)
  VALUES (N'13198', N'BTO:0000157');

INSERT INTO PRIDEPROT.ASSAY_CV (ASSAY_FK_PK, CV_PARAM_FK_PK)
  VALUES (N'13546', N'BTO:0000157');

INSERT INTO PRIDEPROT.ASSAY_CV (ASSAY_FK_PK, CV_PARAM_FK_PK)
  VALUES (N'22201', N'BTO:0000132');

INSERT INTO PRIDEPROT.ASSAY_CV (ASSAY_FK_PK, CV_PARAM_FK_PK)
  VALUES (N'22201', N'CL:0000233');

INSERT INTO PRIDEPROT.ASSAY_CV (ASSAY_FK_PK, CV_PARAM_FK_PK)
  VALUES (N'15916', N'BTO:0000131');

INSERT INTO PRIDEPROT.ASSAY_CV (ASSAY_FK_PK, CV_PARAM_FK_PK)
  VALUES (N'13177', N'BTO:0000157');

INSERT INTO PRIDEPROT.ASSAY_CV (ASSAY_FK_PK, CV_PARAM_FK_PK)
  VALUES (N'17683', N'CL:0000182');


--PEPTIDE_CV
INSERT INTO PRIDEPROT.PEP_CV (PEPTIDE_FK_PK, CV_PARAM_FK_PK)
VALUES (4.5513223E7, N'BTO:0000157');

INSERT INTO PRIDEPROT.PEP_CV (PEPTIDE_FK_PK, CV_PARAM_FK_PK)
  VALUES (4.556038E7, N'BTO:0000157');

INSERT INTO PRIDEPROT.PEP_CV (PEPTIDE_FK_PK, CV_PARAM_FK_PK)
  VALUES (1.09663425E8, N'BTO:0000142');

INSERT INTO PRIDEPROT.PEP_CV (PEPTIDE_FK_PK, CV_PARAM_FK_PK)
  VALUES (1.0966345E8, N'BTO:0000142');

INSERT INTO PRIDEPROT.PEP_CV (PEPTIDE_FK_PK, CV_PARAM_FK_PK)
  VALUES (1.10282088E8, N'BTO:0000142');

INSERT INTO PRIDEPROT.PEP_CV (PEPTIDE_FK_PK, CV_PARAM_FK_PK)
  VALUES (4.5619484E7, N'BTO:0000157');

INSERT INTO PRIDEPROT.PEP_CV (PEPTIDE_FK_PK, CV_PARAM_FK_PK)
  VALUES (1.09663448E8, N'BTO:0000142');

INSERT INTO PRIDEPROT.PEP_CV (PEPTIDE_FK_PK, CV_PARAM_FK_PK)
  VALUES (1.09663504E8, N'BTO:0000142');

INSERT INTO PRIDEPROT.PEP_CV (PEPTIDE_FK_PK, CV_PARAM_FK_PK)
  VALUES (1.10282089E8, N'BTO:0000142');

INSERT INTO PRIDEPROT.PEP_CV (PEPTIDE_FK_PK, CV_PARAM_FK_PK)
  VALUES (1.10282174E8, N'BTO:0000142');

INSERT INTO PRIDEPROT.PEP_CV (PEPTIDE_FK_PK, CV_PARAM_FK_PK)
  VALUES (4.5492524E7, N'BTO:0000157');

INSERT INTO PRIDEPROT.PEP_CV (PEPTIDE_FK_PK, CV_PARAM_FK_PK)
  VALUES (4.5560379E7, N'BTO:0000157');

INSERT INTO PRIDEPROT.PEP_CV (PEPTIDE_FK_PK, CV_PARAM_FK_PK)
  VALUES (4.5568184E7, N'BTO:0000157');

INSERT INTO PRIDEPROT.PEP_CV (PEPTIDE_FK_PK, CV_PARAM_FK_PK)
  VALUES (4.5650592E7, N'BTO:0000157');

INSERT INTO PRIDEPROT.PEP_CV (PEPTIDE_FK_PK, CV_PARAM_FK_PK)
  VALUES (4.7687213E7, N'BTO:0000157');

INSERT INTO PRIDEPROT.PEP_CV (PEPTIDE_FK_PK, CV_PARAM_FK_PK)
  VALUES (4.772985E7, N'BTO:0000157');

INSERT INTO PRIDEPROT.PEP_CV (PEPTIDE_FK_PK, CV_PARAM_FK_PK)
  VALUES (1.09663416E8, N'BTO:0000142');

INSERT INTO PRIDEPROT.PEP_CV (PEPTIDE_FK_PK, CV_PARAM_FK_PK)
  VALUES (1.09663449E8, N'BTO:0000142');

INSERT INTO PRIDEPROT.PEP_CV (PEPTIDE_FK_PK, CV_PARAM_FK_PK)
  VALUES (1.10281993E8, N'BTO:0000142');

INSERT INTO PRIDEPROT.PEP_CV (PEPTIDE_FK_PK, CV_PARAM_FK_PK)
  VALUES (1.1028209E8, N'BTO:0000142');

INSERT INTO PRIDEPROT.PEP_CV (PEPTIDE_FK_PK, CV_PARAM_FK_PK)
  VALUES (4.5499384E7, N'BTO:0000157');

INSERT INTO PRIDEPROT.PEP_CV (PEPTIDE_FK_PK, CV_PARAM_FK_PK)
  VALUES (4.5575358E7, N'BTO:0000157');

INSERT INTO PRIDEPROT.PEP_CV (PEPTIDE_FK_PK, CV_PARAM_FK_PK)
  VALUES (4.5642731E7, N'BTO:0000157');

INSERT INTO PRIDEPROT.PEP_CV (PEPTIDE_FK_PK, CV_PARAM_FK_PK)
  VALUES (4.5642733E7, N'BTO:0000157');

INSERT INTO PRIDEPROT.PEP_CV (PEPTIDE_FK_PK, CV_PARAM_FK_PK)
  VALUES (4.7689691E7, N'BTO:0000157');

INSERT INTO PRIDEPROT.PEP_CV (PEPTIDE_FK_PK, CV_PARAM_FK_PK)
  VALUES (6.2574179E7, N'CL:0000182');

INSERT INTO PRIDEPROT.PEP_CV (PEPTIDE_FK_PK, CV_PARAM_FK_PK)
  VALUES (1.09663465E8, N'BTO:0000142');

INSERT INTO PRIDEPROT.PEP_CV (PEPTIDE_FK_PK, CV_PARAM_FK_PK)
  VALUES (1.09663496E8, N'BTO:0000142');

INSERT INTO PRIDEPROT.PEP_CV (PEPTIDE_FK_PK, CV_PARAM_FK_PK)
  VALUES (4.5582696E7, N'BTO:0000157');

INSERT INTO PRIDEPROT.PEP_CV (PEPTIDE_FK_PK, CV_PARAM_FK_PK)
  VALUES (4.5650591E7, N'BTO:0000157');

INSERT INTO PRIDEPROT.PEP_CV (PEPTIDE_FK_PK, CV_PARAM_FK_PK)
  VALUES (4.7699748E7, N'BTO:0000157');

INSERT INTO PRIDEPROT.PEP_CV (PEPTIDE_FK_PK, CV_PARAM_FK_PK)
  VALUES (6.2565953E7, N'CL:0000182');

INSERT INTO PRIDEPROT.PEP_CV (PEPTIDE_FK_PK, CV_PARAM_FK_PK)
  VALUES (6.2601995E7, N'CL:0000182');

INSERT INTO PRIDEPROT.PEP_CV (PEPTIDE_FK_PK, CV_PARAM_FK_PK)
  VALUES (9.3861219E7, N'CL:0000233');

INSERT INTO PRIDEPROT.PEP_CV (PEPTIDE_FK_PK, CV_PARAM_FK_PK)
  VALUES (1.10282032E8, N'BTO:0000142');

INSERT INTO PRIDEPROT.PEP_CV (PEPTIDE_FK_PK, CV_PARAM_FK_PK)
  VALUES (1.10282061E8, N'BTO:0000142');

INSERT INTO PRIDEPROT.PEP_CV (PEPTIDE_FK_PK, CV_PARAM_FK_PK)
  VALUES (1.10282175E8, N'BTO:0000142');

INSERT INTO PRIDEPROT.PEP_CV (PEPTIDE_FK_PK, CV_PARAM_FK_PK)
  VALUES (4.5544651E7, N'BTO:0000157');

INSERT INTO PRIDEPROT.PEP_CV (PEPTIDE_FK_PK, CV_PARAM_FK_PK)
  VALUES (4.5560378E7, N'BTO:0000157');

INSERT INTO PRIDEPROT.PEP_CV (PEPTIDE_FK_PK, CV_PARAM_FK_PK)
  VALUES (4.5575359E7, N'BTO:0000157');

INSERT INTO PRIDEPROT.PEP_CV (PEPTIDE_FK_PK, CV_PARAM_FK_PK)
  VALUES (4.5590402E7, N'BTO:0000157');

INSERT INTO PRIDEPROT.PEP_CV (PEPTIDE_FK_PK, CV_PARAM_FK_PK)
  VALUES (6.2594179E7, N'CL:0000182');

INSERT INTO PRIDEPROT.PEP_CV (PEPTIDE_FK_PK, CV_PARAM_FK_PK)
  VALUES (9.3861219E7, N'BTO:0000132');

INSERT INTO PRIDEPROT.PEP_CV (PEPTIDE_FK_PK, CV_PARAM_FK_PK)
  VALUES (1.09663442E8, N'BTO:0000142');

INSERT INTO PRIDEPROT.PEP_CV (PEPTIDE_FK_PK, CV_PARAM_FK_PK)
  VALUES (1.10281995E8, N'BTO:0000142');

INSERT INTO PRIDEPROT.PEP_CV (PEPTIDE_FK_PK, CV_PARAM_FK_PK)
  VALUES (4.554465E7, N'BTO:0000157');

INSERT INTO PRIDEPROT.PEP_CV (PEPTIDE_FK_PK, CV_PARAM_FK_PK)
  VALUES (4.557536E7, N'BTO:0000157');

INSERT INTO PRIDEPROT.PEP_CV (PEPTIDE_FK_PK, CV_PARAM_FK_PK)
  VALUES (4.5597533E7, N'BTO:0000157');

INSERT INTO PRIDEPROT.PEP_CV (PEPTIDE_FK_PK, CV_PARAM_FK_PK)
  VALUES (4.5642732E7, N'BTO:0000157');

INSERT INTO PRIDEPROT.PEP_CV (PEPTIDE_FK_PK, CV_PARAM_FK_PK)
  VALUES (4.565828E7, N'BTO:0000157');

INSERT INTO PRIDEPROT.PEP_CV (PEPTIDE_FK_PK, CV_PARAM_FK_PK)
  VALUES (4.7681338E7, N'BTO:0000157');

INSERT INTO PRIDEPROT.PEP_CV (PEPTIDE_FK_PK, CV_PARAM_FK_PK)
  VALUES (1.09663404E8, N'BTO:0000142');

INSERT INTO PRIDEPROT.PEP_CV (PEPTIDE_FK_PK, CV_PARAM_FK_PK)
  VALUES (1.09663447E8, N'BTO:0000142');

INSERT INTO PRIDEPROT.PEP_CV (PEPTIDE_FK_PK, CV_PARAM_FK_PK)
  VALUES (1.10282151E8, N'BTO:0000142');

INSERT INTO PRIDEPROT.PEP_CV (PEPTIDE_FK_PK, CV_PARAM_FK_PK)
  VALUES (4.5482309E7, N'BTO:0000157');

INSERT INTO PRIDEPROT.PEP_CV (PEPTIDE_FK_PK, CV_PARAM_FK_PK)
  VALUES (4.548231E7, N'BTO:0000157');

INSERT INTO PRIDEPROT.PEP_CV (PEPTIDE_FK_PK, CV_PARAM_FK_PK)
  VALUES (4.5520449E7, N'BTO:0000157');

INSERT INTO PRIDEPROT.PEP_CV (PEPTIDE_FK_PK, CV_PARAM_FK_PK)
  VALUES (4.5552497E7, N'BTO:0000157');

INSERT INTO PRIDEPROT.PEP_CV (PEPTIDE_FK_PK, CV_PARAM_FK_PK)
  VALUES (4.5575361E7, N'BTO:0000157');

INSERT INTO PRIDEPROT.PEP_CV (PEPTIDE_FK_PK, CV_PARAM_FK_PK)
  VALUES (4.7687212E7, N'BTO:0000157');

INSERT INTO PRIDEPROT.PEP_CV (PEPTIDE_FK_PK, CV_PARAM_FK_PK)
  VALUES (5.6753822E7, N'BTO:0000131');

INSERT INTO PRIDEPROT.PEP_CV (PEPTIDE_FK_PK, CV_PARAM_FK_PK)
  VALUES (1.10281994E8, N'BTO:0000142');

INSERT INTO PRIDEPROT.PEP_CV (PEPTIDE_FK_PK, CV_PARAM_FK_PK)
  VALUES (1.1028215E8, N'BTO:0000142');

INSERT INTO PRIDEPROT.PEP_CV (PEPTIDE_FK_PK, CV_PARAM_FK_PK)
  VALUES (1.10282172E8, N'BTO:0000142');

